col1,col2
0,-36.18
1,-36.16
2,-36.15
3,-34.33
4,-26.4
5,-5.76
6,30.82
7,84.44
8,141.69
9,193.22
10,206.3
11,201.87
12,196.08
13,189.98
14,189.88
15,182.59
16,173.33
17,159.6
18,142.74
19,125.76
20,110.49
21,95.84
22,84.46
23,69.71
24,45.64
25,23.97
26,5.38
27,-23.96
28,-43.16
29,-65.85
30,-77.26
31,-89.34
32,-110.1
33,-135.09
34,-159.38
35,-171.35
36,-179.41
37,-164.17
38,-150.45
39,-135.41
40,-134.47
41,-143.52
42,-148.07
43,-141.36
44,-115.52
45,-102.17
46,-83.86
47,-77.27
48,-55.14
49,-32.53
50,-21.18
51,-10.06
52,17.05
53,39.64
54,80.68
55,90.61
56,73.45
57,0.4
58,-95.94
59,-156.54
60,-196.69
61,-177.02
62,-146.72
63,-124.85
64,-106.06
65,-84.65
66,-31.19
67,16.03
68,70.23
69,112.7
70,145.53
71,157.08
72,174.67
73,192.31
74,200.07
75,208.87
76,209.58
77,193.12
78,178.31
79,159.58
80,145.42
81,125.48
82,101.23
83,75.81
84,43.93
85,21.53
86,-7.62
87,-32.96
88,-67.46
89,-96.72
90,-127.54
91,-132.79
92,-158.21
93,-187.39
94,-197.45
95,-211.01
96,-191.7
97,-138.33
98,-91.2
99,-27.18
100,11.54
101,10.38
102,6.65
103,-30.02
104,-49.52
105,-59.87
106,-72.78
107,-83.5
108,-85.05
109,-84.65
110,-61.78
111,-37.6
112,-31.14
113,3.47
114,31.92
115,21.53
116,-2.22
117,-84.8
118,-146.52
119,-193.07
120,-174.66
121,-157.19
122,-141.48
123,-127.33
124,-85.79
125,-36.72
126,48.86
127,147.47
128,211.02
129,266.42
130,287.48
131,294.73
132,296.76
133,303.08
134,287.17
135,276.46
136,252.41
137,227.17
138,202.65
139,180.59
140,161.63
141,149.07
142,132.36
143,121.82
144,106.94
145,96.25
146,82.12
147,46.91
148,-0.98
149,-62.08
150,-112.57
151,-151.72
152,-174.35
153,-201.91
154,-206.92
155,-201.53
156,-202.97
157,-181.78
158,-194.2
159,-190.08
160,-160.27
161,-128.04
162,-111.64
163,-91.48
164,-88.63
165,-78.87
166,-58.38
167,-63.34
168,-73.21
169,-71.29
170,-57.86
171,-29.57
172,11.19
173,40.67
174,60.9
175,80.91
176,59.32
177,22.79
178,-10.09
179,-36.08
180,-46.87
181,-43.99
182,-43.19
183,-42.47
184,-24.72
185,25.45
186,75.1
187,121.59
188,154.44
189,187.59
190,208.43
191,231.69
192,232.82
193,210.44
194,195.69
195,173.42
196,170.48
197,157.93
198,142.14
199,128.83
200,112.34
201,102.01
202,92.71
203,77.14
204,61.32
205,40.79
206,24.11
207,2.8
208,-28.08
209,-45.97
210,-73.77
211,-95.2
212,-116.28
213,-113.65
214,-121.18
215,-125.27
216,-137.04
217,-170.14
218,-181.92
219,-192.53
220,-188.58
221,-190.42
222,-186.68
223,-178.81
224,-145.63
225,-125.67
226,-112.2
227,-110.88
228,-131.29
229,-132.56
230,-100.41
231,-68.77
232,-26.79
233,-2.51
234,4.04
235,4.54
236,10.38
237,46.25
238,65.92
239,74.63
240,59.97
241,24.27
242,-19.56
243,-36.5
244,-55.35
245,-66.92
246,-75.53
247,-71.57
248,-47.32
249,-18.28
250,34.84
251,84.46
252,129.11
253,166.6
254,185.94
255,181.75
256,180.67
257,160.81
258,151.93
259,146.63
260,133.77
261,135.69
262,132.92
263,148.43
264,160.59
265,164.33
266,157.8
267,142.92
268,124.13
269,90.11
270,45.1
271,-17.91
272,-82.72
273,-125.75
274,-150.97
275,-165.57
276,-170.62
277,-191.36
278,-202.82
279,-207.74
280,-212.16
281,-205.35
282,-202.81
283,-200.53
284,-195.78
285,-187.0
286,-172.8
287,-156.42
288,-138.98
289,-118.78
290,-121.3
291,-109.17
292,-91.95
293,-55.76
294,-29.48
295,-0.44
296,15.81
297,34.93
298,74.63
299,118.47
300,100.32
301,57.89
302,-6.4
303,-58.86
304,-61.07
305,-36.96
306,-16.17
307,-10.05
308,0.85
309,31.37
310,85.83
311,136.65
312,201.28
313,228.86
314,240.17
315,233.25
316,220.73
317,199.55
318,185.9
319,171.81
320,151.93
321,126.84
322,106.95
323,76.46
324,63.41
325,39.97
326,20.67
327,6.91
328,-21.68
329,-39.32
330,-68.68
331,-103.22
332,-121.69
333,-129.33
334,-133.49
335,-145.34
336,-173.11
337,-187.3
338,-195.57
339,-174.21
340,-167.59
341,-142.73
342,-147.36
343,-140.72
344,-138.35
345,-149.72
346,-143.74
347,-129.37
348,-105.63
349,-86.07
350,-63.96
351,-43.17
352,-24.45
353,14.9
354,39.51
355,86.86
356,110.57
357,113.91
358,98.02
359,63.02
360,21.62
361,9.56
362,-7.6
363,-11.34
364,-8.41
365,4.13
366,29.82
367,59.24
368,117.22
369,160.39
370,210.05
371,234.05
372,226.84
373,223.96
374,206.96
375,198.87
376,186.18
377,166.66
378,145.5
379,125.55
380,110.29
381,97.46
382,76.92
383,56.62
384,35.66
385,7.8
386,-14.58
387,-31.13
388,-40.61
389,-57.25
390,-56.93
391,-86.33
392,-101.1
393,-110.79
394,-127.61
395,-140.95
396,-150.26
397,-163.13
398,-166.62
399,-167.95
400,-139.46
401,-127.31
402,-104.68
403,-103.21
404,-111.79
405,-123.11
406,-107.2
407,-83.88
408,-48.49
409,-11.24
410,8.78
411,33.1
412,46.89
413,58.4
414,44.46
415,25.62
416,-0.35
417,-19.21
418,-21.79
419,-25.01
420,-22.51
421,-12.16
422,31.36
423,108.32
424,206.39
425,267.65
426,301.19
427,294.47
428,264.12
429,236.81
430,210.43
431,178.58
432,140.03
433,108.02
434,66.62
435,38.36
436,9.32
437,-12.31
438,-21.88
439,-30.49
440,-33.74
441,-50.17
442,-70.35
443,-80.42
444,-102.07
445,-109.87
446,-134.88
447,-144.79
448,-145.61
449,-149.95
450,-147.56
451,-147.2
452,-162.18
453,-161.26
454,-156.84
455,-160.95
456,-143.06
457,-126.05
458,-116.15
459,-107.23
460,-97.41
461,-92.17
462,-83.85
463,-70.97
464,-68.37
465,-49.83
466,-20.55
467,19.31
468,49.78
469,86.2
470,130.68
471,139.21
472,151.39
473,145.25
474,103.73
475,60.95
476,26.96
477,7.16
478,-6.15
479,0.76
480,-4.72
481,-10.54
482,-4.99
483,18.91
484,52.12
485,75.71
486,101.44
487,116.49
488,137.24
489,153.22
490,156.8
491,148.32
492,128.99
493,105.29
494,100.16
495,94.64
496,87.88
497,71.89
498,42.2
499,14.58
500,-0.38
501,-10.24
502,-19.12
503,-34.3
504,-56.97
505,-80.98
506,-103.48
507,-110.23
508,-121.71
509,-129.34
510,-142.5
511,-135.45
512,-136.31
513,-144.28
514,-120.85
515,-116.86
516,-123.18
517,-94.66
518,-97.79
519,-91.61
520,-85.15
521,-82.04
522,-88.23
523,-75.81
524,-48.43
525,-29.19
526,-2.87
527,30.72
528,40.25
529,59.62
530,54.56
531,40.1
532,18.99
533,8.09
534,0.08
535,-18.82
536,-27.74
537,-15.97
538,9.93
539,65.64
540,111.27
541,140.65
542,158.98
543,164.68
544,184.21
545,195.49
546,200.24
547,188.32
548,172.19
549,157.67
550,140.1
551,132.39
552,119.15
553,107.24
554,92.01
555,68.41
556,48.97
557,33.27
558,16.45
559,-5.9
560,-29.61
561,-56.35
562,-76.81
563,-85.33
564,-97.5
565,-104.85
566,-119.56
567,-132.81
568,-140.23
569,-151.4
570,-157.86
571,-163.68
572,-182.41
573,-169.57
574,-149.91
575,-126.82
576,-111.44
577,-120.09
578,-127.89
579,-129.5
580,-119.25
581,-100.12
582,-82.91
583,-38.62
584,16.54
585,74.29
586,123.56
587,168.8
588,197.82
589,205.04
590,182.74
591,118.56
592,50.01
593,-11.69
594,-51.02
595,-68.42
596,-83.18
597,-88.36
598,-94.83
599,-86.24
600,-69.52
601,-33.77
602,19.11
603,55.0
604,99.9
605,115.11
606,119.8
607,119.52
608,119.27
609,123.54
610,130.99
611,136.79
612,134.81
613,114.13
614,93.72
615,82.54
616,72.49
617,61.64
618,41.98
619,27.88
620,-5.51
621,-22.06
622,-56.75
623,-78.08
624,-96.37
625,-91.23
626,-93.81
627,-95.23
628,-114.51
629,-130.05
630,-121.55
631,-108.49
632,-94.05
633,-74.74
634,-87.07
635,-77.46
636,-79.61
637,-86.05
638,-82.85
639,-79.96
640,-69.27
641,-64.14
642,-70.33
643,-56.09
644,-31.58
645,-3.23
646,31.3
647,49.77
648,52.89
649,53.0
650,54.9
651,40.41
652,35.47
653,31.02
654,18.02
655,-6.28
656,-24.55
657,-32.9
658,-21.51
659,12.14
660,47.83
661,78.15
662,112.63
663,135.57
664,149.91
665,163.72
666,159.05
667,153.04
668,150.34
669,142.51
670,139.95
671,128.66
672,120.29
673,106.46
674,95.82
675,83.54
676,70.68
677,58.21
678,38.89
679,17.9
680,-5.49
681,-26.54
682,-46.38
683,-58.85
684,-79.06
685,-89.16
686,-91.94
687,-98.95
688,-103.45
689,-109.31
690,-128.08
691,-136.87
692,-135.78
693,-145.6
694,-145.44
695,-153.4
696,-129.96
697,-116.06
698,-89.16
699,-86.54
700,-97.69
701,-91.52
702,-86.87
703,-65.58
704,-45.52
705,-42.77
706,-38.49
707,-33.74
708,-27.67
709,-2.4
710,23.04
711,50.43
712,62.49
713,64.34
714,70.51
715,66.16
716,71.24
717,58.72
718,40.25
719,23.62
720,4.16
721,-9.76
722,-25.88
723,-26.89
724,-14.3
725,2.43
726,23.78
727,35.81
728,52.02
729,66.62
730,75.26
731,75.83
732,77.25
733,68.63
734,75.26
735,76.74
736,71.76
737,76.29
738,83.06
739,87.35
740,90.32
741,85.79
742,81.71
743,82.54
744,85.08
745,85.57
746,90.52
747,101.27
748,133.44
749,141.69
750,160.83
751,150.14
752,136.03
753,121.53
754,110.27
755,96.55
756,89.59
757,78.83
758,68.25
759,60.52
760,55.37
761,48.93
762,38.64
763,25.78
764,12.4
765,3.06
766,-8.05
767,-7.24
768,-8.32
769,-2.09
770,-5.48
771,-7.63
772,-9.57
773,-2.31
774,9.62
775,6.86
776,7.97
777,-4.52
778,-13.97
779,1.83
780,11.54
781,21.19
782,23.57
783,19.41
784,7.57
785,10.41
786,8.47
787,8.53
788,9.47
789,8.53
790,5.87
791,-2.81
792,-3.43
793,-14.79
794,-6.11
795,-9.1
796,-7.29
797,-4.76
798,-9.68
799,-10.52
800,-10.36
801,-14.73
802,-20.46
803,-24.71
804,-35.74
805,-30.36
806,-15.63
807,-5.97
808,1.83
809,-5.55
810,-15.8
811,-18.72
812,-17.75
813,-16.87
814,-19.68
815,-25.82
816,-25.93
817,-27.84
818,-29.56
819,-29.3
820,-32.67
821,-31.2
822,-31.68
823,-32.11
824,-37.9
825,-45.81
826,-46.63
827,-44.67
828,-33.9
829,-28.71
830,-26.74
831,-33.07
832,-36.06
833,-37.85
834,-33.17
835,-38.85
836,-34.97
837,-34.17
838,-33.45
839,-32.81
840,-31.33
841,-33.59
842,-31.13
843,-25.32
844,-29.09
845,-26.18
846,-30.76
847,-32.19
848,-32.57
849,-24.81
850,-19.63
851,-20.37
852,-25.53
853,-35.58
854,-42.82
855,-34.94
856,-31.44
857,-30.1
858,-36.99
859,-36.89
860,-33.2
861,-19.98
862,-14.38
863,-13.84
864,-22.36
865,-28.22
866,-29.0
867,-27.0
868,-28.8
869,-29.52
870,-31.97
871,-26.97
872,-29.67
873,-26.71
874,-24.04
875,-27.93
876,-24.24
877,-18.22
878,-10.99
879,-5.39
880,-3.06
881,-9.95
882,-7.15
883,-4.64
884,1.22
885,0.2
886,-0.72
887,-7.85
888,-8.86
889,-7.98
890,-10.78
891,-14.2
892,-20.88
893,-24.19
894,-29.87
895,-32.29
896,-36.26
897,-37.13
898,-37.02
899,-37.82
900,-34.93
901,-23.34
902,-19.21
903,-12.79
904,-16.01
905,-22.51
906,-26.56
907,-24.8
908,-23.22
909,-20.0
910,-21.6
911,-23.94
912,-26.04
913,-28.84
914,-25.96
915,-19.76
916,-2.48
917,21.16
918,56.85
919,94.36
920,127.23
921,138.8
922,125.82
923,94.34
924,48.91
925,11.62
926,-15.65
927,-41.08
928,-45.07
929,-49.57
930,-54.51
931,-56.26
932,-62.33
933,-67.8
934,-66.42
935,-61.58
936,-53.62
937,-48.26
938,-40.73
939,-36.66
940,-34.79
941,-34.01
942,-36.91
943,-35.02
944,-28.82
945,-19.64
946,-14.97
947,-20.68
948,-31.21
949,-28.99
950,-18.89
951,-4.4
952,3.24
953,5.62
954,-1.25
955,-0.22
956,2.5
957,3.15
958,2.84
959,-1.95
960,-2.65
961,-6.89
962,-8.0
963,-3.6
964,2.16
965,9.14
966,12.73
967,11.46
968,6.71
969,4.24
970,-1.58
971,-6.83
972,-3.44
973,-2.2
974,6.12
975,11.81
976,10.63
977,5.97
978,1.77
979,-0.21
980,-0.19
981,2.53
982,4.98
983,4.48
984,2.23
985,4.71
986,4.24
987,9.21
988,10.09
989,13.58
990,9.53
991,2.27
992,-4.25
993,-13.73
994,-15.06
995,-13.55
996,-11.3
997,-7.47
998,-4.92
999,0.97
1000,-0.02
1001,-1.82
1002,-2.54
1003,-4.99
1004,-0.89
1005,-1.7
1006,-0.63
1007,-3.27
1008,2.46
1009,1.31
1010,3.88
1011,0.79
1012,-3.78
1013,-6.11
1014,-9.1
1015,-3.69
1016,-3.32
1017,-1.19
1018,-2.87
1019,1.02
1020,5.42
1021,7.58
1022,9.52
1023,2.27
1024,-1.56
1025,-4.1
1026,0.81
1027,1.63
1028,1.46
1029,-0.48
1030,-4.93
1031,-5.34
1032,-3.91
1033,-1.72
1034,1.16
1035,0.14
1036,-0.77
1037,0.2
1038,1.08
1039,4.57
1040,5.02
1041,5.42
1042,3.97
1043,5.38
1044,7.54
1045,12.18
1046,9.17
1047,11.85
1048,8.86
1049,9.78
1050,15.1
1051,16.29
1052,15.56
1053,14.01
1054,13.5
1055,8.55
1056,8.6
1057,3.24
1058,-2.48
1059,-4.94
1060,-8.04
1061,-9.94
1062,-11.64
1063,-12.28
1064,-11.05
1065,-8.15
1066,-9.13
1067,-10.02
1068,-13.52
1069,-13.97
1070,-10.77
1071,-10.59
1072,-8.63
1073,-3.27
1074,-0.24
1075,3.38
1076,0.34
1077,-11.39
1078,-20.15
1079,-23.54
1080,-13.08
1081,4.43
1082,31.88
1083,62.89
1084,97.11
1085,132.39
1086,147.96
1087,143.96
1088,116.06
1089,77.46
1090,35.51
1091,7.66
1092,-16.51
1093,-32.86
1094,-42.17
1095,-53.25
1096,-56.03
1097,-58.52
1098,-57.17
1099,-54.15
1100,-45.14
1101,-41.53
1102,-39.17
1103,-35.26
1104,-29.93
1105,-25.14
1106,-19.02
1107,-18.92
1108,-18.83
1109,-20.55
1110,-14.89
1111,-11.6
1112,-5.94
1113,-4.45
1114,-4.0
1115,-5.4
1116,-3.06
1117,-0.06
1118,1.75
1119,1.57
1120,2.32
1121,-0.61
1122,0.35
1123,5.71
1124,4.24
1125,6.52
1126,4.97
1127,6.27
1128,5.64
1129,3.28
1130,6.55
1131,7.69
1132,9.63
1133,10.46
1134,10.32
1135,10.18
1136,5.57
1137,5.91
1138,0.82
1139,2.54
1140,7.68
1141,8.71
1142,11.44
1143,9.4
1144,5.76
1145,4.28
1146,4.75
1147,4.28
1148,3.85
1149,5.27
1150,6.54
1151,6.79
1152,6.11
1153,3.7
1154,3.33
1155,2.99
1156,2.69
1157,-2.07
1158,-1.87
1159,-5.28
1160,0.65
1161,-3.92
1162,-3.53
1163,-4.97
1164,-5.38
1165,-2.14
1166,-2.82
1167,-0.74
1168,-4.27
1169,-0.24
1170,0.68
1171,1.51
1172,-3.14
1173,-0.12
1174,-0.11
1175,2.6
1176,5.04
1177,4.54
1178,1.38
1179,2.14
1180,3.73
1181,6.06
1182,6.35
1183,5.72
1184,0.64
1185,-2.12
1186,-3.71
1187,-3.34
1188,-1.2
1189,0.72
1190,2.45
1191,4.0
1192,3.6
1193,4.14
1194,2.83
1195,0.74
1196,-1.13
1197,-3.72
1198,-3.35
1199,-1.21
1200,0.71
1201,1.54
1202,3.19
1203,5.57
1204,6.81
1205,7.03
1206,7.23
1207,5.6
1208,4.14
1209,4.63
1210,7.77
1211,11.49
1212,12.14
1213,13.63
1214,11.36
1215,8.43
1216,11.18
1217,12.77
1218,15.99
1219,13.49
1220,11.24
1221,7.42
1222,7.58
1223,8.62
1224,8.66
1225,1.49
1226,-5.86
1227,-10.67
1228,-14.11
1229,-11.79
1230,-9.72
1231,-6.94
1232,-9.85
1233,-12.46
1234,-14.82
1235,-16.04
1236,-11.73
1237,-8.76
1238,-6.98
1239,-3.59
1240,-3.23
1241,-0.2
1242,-1.98
1243,-5.39
1244,-14.75
1245,-18.67
1246,-23.1
1247,-12.69
1248,0.28
1249,26.35
1250,50.71
1251,86.14
1252,121.63
1253,141.86
1254,141.18
1255,118.06
1256,74.75
1257,36.68
1258,7.81
1259,-10.97
1260,-21.57
1261,-30.22
1262,-36.19
1263,-41.57
1264,-50.02
1265,-54.92
1266,-53.92
1267,-53.03
1268,-43.23
1269,-39.81
1270,-34.92
1271,-35.03
1272,-27.93
1273,-25.14
1274,-19.02
1275,-18.02
1276,-18.02
1277,-19.82
1278,-16.93
1279,-12.54
1280,-4.99
1281,-3.59
1282,-2.33
1283,-5.7
1284,-8.73
1285,-4.25
1286,-0.23
1287,2.49
1288,5.84
1289,4.36
1290,3.02
1291,4.52
1292,0.47
1293,0.42
1294,3.08
1295,5.47
1296,7.63
1297,8.66
1298,7.8
1299,8.82
1300,8.84
1301,9.75
1302,8.78
1303,9.7
1304,4.23
1305,4.71
1306,1.54
1307,4.98
1308,7.18
1309,10.97
1310,12.57
1311,9.51
1312,5.86
1313,3.47
1314,1.33
1315,4.79
1316,7.02
1317,9.91
1318,8.92
1319,5.33
1320,2.1
1321,0.99
1322,-0.01
1323,-1.81
1324,-6.13
1325,-11.82
1326,-14.23
1327,-15.51
1328,-13.96
1329,-9.86
1330,-6.18
1331,-6.46
1332,-1.31
1333,-3.88
1334,-4.39
1335,-5.75
1336,-7.88
1337,-7.09
1338,-6.38
1339,-3.94
1340,-0.85
1341,1.04
1342,0.93
1343,-0.96
1344,-1.77
1345,-3.39
1346,-3.95
1347,-2.65
1348,-1.49
1349,-2.24
1350,3.38
1351,2.15
1352,2.83
1353,-0.15
1354,-3.74
1355,-2.46
1356,-2.22
1357,-0.2
1358,0.72
1359,-0.25
1360,0.68
1361,0.61
1362,1.45
1363,-1.4
1364,-3.96
1365,-3.56
1366,-3.21
1367,1.62
1368,3.25
1369,5.63
1370,5.07
1371,0.06
1372,-1.75
1373,-1.57
1374,1.29
1375,0.26
1376,-1.57
1377,-5.01
1378,-6.31
1379,-2.98
1380,3.62
1381,7.76
1382,10.58
1383,12.22
1384,11.0
1385,10.8
1386,10.62
1387,13.16
1388,17.24
1389,17.32
1390,19.19
1391,16.37
1392,12.93
1393,8.94
1394,7.14
1395,-0.77
1396,-6.99
1397,-12.59
1398,-16.73
1399,-16.86
1400,-16.07
1401,-12.67
1402,-13.2
1403,-11.88
1404,-10.69
1405,-9.62
1406,-10.46
1407,-9.41
1408,-8.47
1409,-6.73
1410,-5.15
1411,-3.74
1412,-9.66
1413,-13.2
1414,-15.48
1415,-13.93
1416,-8.04
1417,-5.43
1418,-3.09
1419,7.12
1420,21.71
1421,52.84
1422,88.95
1423,127.76
1424,146.48
1425,140.83
1426,111.45
1427,67.01
1428,27.0
1429,-2.7
1430,-23.13
1431,-34.31
1432,-39.88
1433,-41.29
1434,-42.56
1435,-48.21
1436,-51.49
1437,-51.74
1438,-49.26
1439,-46.14
1440,-41.52
1441,-41.87
1442,-36.78
1443,-32.21
1444,-25.39
1445,-21.05
1446,-18.94
1447,-19.75
1448,-16.87
1449,-14.29
1450,-9.26
1451,-8.33
1452,-3.9
1453,-4.41
1454,-1.27
1455,-1.14
1456,0.77
1457,0.7
1458,1.53
1459,2.27
1460,2.05
1461,2.74
1462,3.37
1463,0.33
1464,3.9
1465,3.51
1466,4.06
1467,3.65
1468,5.09
1469,6.38
1470,10.24
1471,11.02
1472,12.61
1473,8.65
1474,8.69
1475,7.82
1476,8.84
1477,7.05
1478,7.25
1479,3.82
1480,4.34
1481,4.81
1482,7.93
1483,7.13
1484,4.62
1485,1.46
1486,1.31
1487,2.08
1488,3.67
1489,2.41
1490,0.37
1491,-1.47
1492,-1.32
1493,-2.99
1494,-0.89
1495,-1.7
1496,-3.33
1497,-4.8
1498,-4.32
1499,-7.49
1500,-6.74
1501,-6.07
1502,-4.56
1503,-4.1
1504,-3.69
1505,-2.42
1506,-0.38
1507,-1.24
1508,-3.82
1509,-5.24
1510,-7.41
1511,-5.77
1512,-1.59
1513,1.26
1514,2.04
1515,2.73
1516,1.56
1517,0.51
1518,3.15
1519,2.84
1520,-1.04
1521,-2.74
1522,-0.67
1523,-1.5
1524,3.15
1525,2.84
1526,3.45
1527,4.01
1528,0.91
1529,-0.08
1530,-3.68
1531,-4.21
1532,-4.69
1533,-2.42
1534,-0.38
1535,-0.34
1536,-3.01
1537,-2.7
1538,-2.43
1539,-1.29
1540,0.64
1541,0.57
1542,-1.28
1543,-2.95
1544,-0.86
1545,1.03
1546,-0.88
1547,1.01
1548,-3.59
1549,-1.43
1550,-0.39
1551,5.05
1552,2.75
1553,5.17
1554,-0.75
1555,-1.57
1556,1.29
1557,2.06
1558,3.65
1559,5.09
1560,3.68
1561,5.11
1562,5.5
1563,7.65
1564,8.68
1565,12.32
1566,10.18
1567,13.67
1568,12.3
1569,14.67
1570,16.8
1571,16.92
1572,13.43
1573,13.89
1574,10.7
1575,8.73
1576,5.16
1577,1.94
1578,-2.75
1579,-6.08
1580,-10.87
1581,-10.68
1582,-14.12
1583,-13.6
1584,-14.04
1585,-9.94
1586,-9.85
1587,-7.06
1588,-10.85
1589,-9.77
1590,-10.59
1591,-7.73
1592,-5.16
1593,-3.74
1594,-3.37
1595,-2.13
1596,-8.22
1597,-10.1
1598,-14.49
1599,-11.24
1600,-4.71
1601,11.96
1602,35.06
1603,66.65
1604,108.59
1605,143.63
1606,153.57
1607,139.11
1608,98.2
1609,50.58
1610,12.22
1611,-15.1
1612,-32.49
1613,-41.84
1614,-49.36
1615,-54.32
1616,-57.89
1617,-58.4
1618,-57.96
1619,-54.86
1620,-50.28
1621,-44.35
1622,-44.42
1623,-41.77
1624,-38.5
1625,-30.15
1626,-24.43
1627,-17.49
1628,-17.54
1629,-15.79
1630,-12.41
1631,-9.37
1632,-8.43
1633,-9.39
1634,-10.25
1635,-9.22
1636,-8.3
1637,-5.67
1638,-5.1
1639,-0.99
1640,0.01
1641,1.81
1642,2.52
1643,2.27
1644,0.25
1645,-1.58
1646,-1.42
1647,3.22
1648,2.9
1649,5.31
1650,2.08
1651,-0.83
1652,3.75
1653,1.58
1654,4.12
1655,3.71
1656,6.04
1657,5.43
1658,6.69
1659,6.02
1660,2.72
1661,3.35
1662,4.81
1663,7.03
1664,6.33
1665,5.7
1666,2.43
1667,-0.52
1668,3.13
1669,4.62
1670,7.76
1671,8.78
1672,7.91
1673,4.41
1674,2.17
1675,-0.74
1676,-3.37
1677,-5.73
1678,-6.96
1679,-7.16
1680,-3.75
1681,-4.27
1682,-1.15
1683,-2.83
1684,-4.35
1685,-4.81
1686,-6.13
1687,-5.52
1688,-2.27
1689,-2.94
1690,-3.55
1691,-0.49
1692,-3.14
1693,-1.93
1694,-2.64
1695,-1.47
1696,-1.32
1697,-1.19
1698,-1.07
1699,-0.07
1700,1.74
1701,3.37
1702,3.93
1703,0.84
1704,-1.05
1705,-3.64
1706,-2.38
1707,-1.24
1708,2.48
1709,1.34
1710,3.9
1711,0.81
1712,-0.17
1713,-1.95
1714,0.04
1715,-3.56
1716,-1.41
1717,-1.26
1718,-0.24
1719,1.59
1720,0.53
1721,2.27
1722,-1.55
1723,3.1
1724,0.09
1725,0.08
1726,0.97
1727,0.88
1728,-1.01
1729,1.79
1730,3.41
1731,3.97
1732,3.57
1733,-1.28
1734,0.64
1735,0.58
1736,7.72
1737,8.75
1738,9.67
1739,4.21
1740,4.69
1741,5.12
1742,10.91
1743,10.72
1744,15.04
1745,12.64
1746,13.18
1747,12.76
1748,12.38
1749,12.94
1750,9.85
1751,7.06
1752,4.56
1753,-3.1
1754,-7.29
1755,-12.86
1756,-15.17
1757,-14.56
1758,-11.3
1759,-13.77
1760,-14.19
1761,-16.37
1762,-16.54
1763,-12.18
1764,-10.06
1765,-6.36
1766,-5.72
1767,-4.25
1768,-6.52
1769,-4.97
1770,-5.38
1771,-3.94
1772,-14.34
1773,-23.71
1774,-28.54
1775,-28.38
1776,-9.35
1777,17.69
1778,54.62
1779,90.56
1780,129.2
1781,153.18
1782,154.06
1783,135.06
1784,100.85
1785,56.57
1786,22.11
1787,-9.8
1788,-36.72
1789,-57.35
1790,-65.11
1791,-70.3
1792,-65.97
1793,-63.88
1794,-59.29
1795,-55.16
1796,-51.44
1797,-46.3
1798,-41.67
1799,-37.5
1800,-31.05
1801,-26.15
1802,-24.43
1803,-24.69
1804,-24.92
1805,-22.43
1806,-17.48
1807,-13.04
1808,-10.83
1809,-7.95
1810,-5.35
1811,-3.02
1812,-4.52
1813,-4.07
1814,-2.76
1815,-1.58
1816,1.28
1817,1.15
1818,-0.77
1819,1.11
1820,-0.8
1821,2.88
1822,5.29
1823,8.36
1824,8.43
1825,7.58
1826,3.22
1827,2.9
1828,3.51
1829,7.66
1830,9.59
1831,11.34
1832,8.4
1833,5.76
1834,4.29
1835,2.06
1836,5.45
1837,4.01
1838,2.71
1839,3.33
1840,3.0
1841,3.6
1842,3.24
1843,5.62
1844,3.26
1845,4.73
1846,5.16
1847,5.54
1848,5.89
1849,0.8
1850,-1.08
1851,-4.57
1852,-5.92
1853,-2.62
1854,-0.56
1855,-1.41
1856,-2.17
1857,-2.85
1858,-1.66
1859,-4.2
1860,-4.68
1861,-7.81
1862,-7.93
1863,-6.24
1864,-4.71
1865,-3.34
1866,0.59
1867,1.43
1868,-3.21
1869,-2.89
1870,-4.4
1871,-2.16
1872,0.76
1873,0.68
1874,-1.19
1875,-1.97
1876,-0.87
1877,1.02
1878,0.91
1879,2.62
1880,1.46
1881,-0.49
1882,1.36
1883,-3.27
1884,-3.85
1885,-5.26
1886,-2.04
1887,-0.93
1888,0.96
1889,0.87
1890,1.68
1891,-2.09
1892,-0.98
1893,-0.88
1894,-2.59
1895,-4.13
1896,-1.02
1897,-2.72
1898,-0.65
1899,0.32
1900,2.09
1901,1.88
1902,-0.11
1903,3.5
1904,1.35
1905,-1.48
1906,-3.14
1907,-5.52
1908,-4.07
1909,0.84
1910,1.65
1911,3.29
1912,2.06
1913,0.05
1914,0.05
1915,0.94
1916,4.45
1917,7.6
1918,11.34
1919,11.11
1920,11.8
1921,7.02
1922,11.72
1923,15.05
1924,18.04
1925,16.24
1926,11.91
1927,7.12
1928,3.71
1929,4.24
1930,3.81
1931,-1.97
1932,-5.37
1933,-10.23
1934,-12.81
1935,-16.03
1936,-14.43
1937,-12.98
1938,-14.38
1939,-12.05
1940,-9.94
1941,-9.85
1942,-7.06
1943,-9.96
1944,-8.96
1945,-11.66
1946,-10.5
1947,-9.45
1948,-6.7
1949,-7.83
1950,-14.25
1951,-19.12
1952,-19.91
1953,-17.02
1954,0.88
1955,21.49
1956,50.84
1957,82.66
1958,122.09
1959,144.08
1960,144.08
1961,117.97
1962,75.57
1963,32.01
1964,3.61
1965,-17.45
1966,-31.9
1967,-41.31
1968,-47.98
1969,-51.28
1970,-56.06
1971,-55.85
1972,-54.76
1973,-50.19
1974,-46.07
1975,-40.56
1976,-41.01
1977,-34.21
1978,-31.69
1979,-27.62
1980,-23.95
1981,-22.46
1982,-19.31
1983,-16.48
1984,-13.93
1985,-10.74
1986,-7.87
1987,-7.08
1988,-4.57
1989,-3.21
1990,-1.99
1991,-0.89
1992,-0.8
1993,-0.72
1994,-0.65
1995,1.21
1996,0.19
1997,1.07
1998,0.97
1999,4.47
2000,5.82
2001,7.04
2002,5.44
2003,3.09
2004,2.78
2005,4.3
2006,6.57
2007,5.02
2008,5.42
2009,7.57
2010,5.02
2011,9.01
2012,6.31
2013,3.88
2014,3.49
2015,3.14
2016,2.83
2017,3.45
2018,4.9
2019,5.31
2020,5.68
2021,2.41
2022,3.07
2023,0.06
2024,3.66
2025,0.59
2026,-3.07
2027,-5.46
2028,-5.81
2029,-3.43
2030,-2.19
2031,-2.87
2032,-5.28
2033,-7.46
2034,-7.61
2035,-8.65
2036,-5.08
2037,-2.78
2038,-0.7
2039,-0.63
2040,-0.57
2041,-4.11
2042,-4.6
2043,-5.94
2044,-5.34
2045,-2.11
2046,2.6
2047,5.04
2048,3.64
2049,1.47
2050,-3.17
2051,-4.66
2052,-2.39
2053,-0.35
2054,1.48
2055,1.33
2056,-0.6
2057,-0.54
2058,-2.28
2059,-0.26
2060,-3.83
2061,-2.55
2062,-2.29
2063,0.64
2064,-0.33
2065,0.61
2066,-2.15
2067,-1.94
2068,-1.75
2069,-0.67
2070,-0.6
2071,-5.04
2072,-3.64
2073,-3.28
2074,-1.15
2075,2.57
2076,2.31
2077,0.28
2078,-0.65
2079,0.32
2080,-0.62
2081,2.15
2082,3.73
2083,5.16
2084,5.54
2085,2.29
2086,-1.54
2087,-4.09
2088,-4.58
2089,-1.42
2090,0.52
2091,3.17
2092,6.45
2093,8.51
2094,7.66
2095,8.69
2096,6.02
2097,7.22
2098,11.9
2099,15.21
2100,15.49
2101,17.54
2102,14.88
2103,17.9
2104,12.51
2105,12.16
2106,4.64
2107,2.38
2108,-0.56
2109,-0.51
2110,-4.05
2111,-8.15
2112,-11.83
2113,-14.25
2114,-14.63
2115,-13.16
2116,-9.15
2117,-10.03
2118,-9.93
2119,-12.54
2120,-13.98
2121,-12.58
2122,-8.63
2123,-5.96
2124,-5.37
2125,-6.63
2126,-7.77
2127,-9.69
2128,-11.42
2129,-13.88
2130,-17.89
2131,-15.2
2132,-10.98
2133,3.62
2134,23.05
2135,53.15
2136,86.53
2137,123.78
2138,146.5
2139,140.85
2140,120.47
2141,74.22
2142,33.5
2143,3.15
2144,-19.67
2145,-31.2
2146,-37.08
2147,-41.47
2148,-49.92
2149,-51.23
2150,-56.01
2151,-51.31
2152,-49.78
2153,-45.7
2154,-44.73
2155,-41.16
2156,-35.24
2157,-31.72
2158,-24.95
2159,-24.25
2160,-21.83
2161,-17.84
2162,-16.06
2163,-14.45
2164,-12.11
2165,-10.0
2166,-11.7
2167,-6.93
2168,-5.33
2169,-3.9
2170,-0.81
2171,-1.63
2172,0.33
2173,-0.6
2174,3.06
2175,0.05
2176,3.65
2177,2.38
2178,3.95
2179,3.55
2180,4.1
2181,5.49
2182,5.84
2183,7.05
2184,9.05
2185,8.14
2186,7.33
2187,4.8
2188,3.42
2189,3.98
2190,6.28
2191,4.75
2192,6.07
2193,5.47
2194,3.12
2195,7.31
2196,7.48
2197,9.43
2198,9.39
2199,4.85
2200,2.56
2201,0.51
2202,-1.34
2203,1.49
2204,2.24
2205,1.12
2206,3.71
2207,-1.16
2208,-2.85
2209,-4.36
2210,-6.63
2211,-5.06
2212,-5.46
2213,-6.71
2214,-6.94
2215,-7.15
2216,-3.73
2217,-2.46
2218,-0.41
2219,-1.27
2220,-2.94
2221,-6.25
2222,-5.63
2223,-5.06
2224,-4.56
2225,-3.2
2226,-1.98
2227,-0.88
2228,0.11
2229,-0.8
2230,-2.52
2231,-0.47
2232,1.38
2233,1.24
2234,2.01
2235,0.91
2236,-0.08
2237,0.83
2238,0.75
2239,0.67
2240,-2.1
2241,-0.99
2242,-0.89
2243,-2.6
2244,-3.24
2245,-4.71
2246,-5.14
2247,-7.33
2248,-3.9
2249,-2.61
2250,2.15
2251,1.94
2252,1.74
2253,-2.93
2254,-3.54
2255,-2.28
2256,-1.15
2257,0.76
2258,2.48
2259,5.84
2260,5.25
2261,2.93
2262,1.73
2263,-2.94
2264,-1.74
2265,-2.47
2266,-0.42
2267,0.52
2268,-2.23
2269,-1.11
2270,-1.0
2271,-0.9
2272,2.79
2273,4.31
2274,5.68
2275,4.21
2276,6.49
2277,6.74
2278,11.47
2279,11.22
2280,11.9
2281,13.41
2282,12.97
2283,15.27
2284,12.84
2285,14.26
2286,6.53
2287,4.08
2288,1.87
2289,-1.01
2290,-5.41
2291,-3.97
2292,-12.57
2293,-12.22
2294,-15.5
2295,-12.15
2296,-10.03
2297,-9.03
2298,-8.13
2299,-10.01
2300,-5.41
2301,-6.67
2302,-6.0
2303,-5.4
2304,-7.56
2305,-6.81
2306,-5.23
2307,-7.4
2308,-12.06
2309,-18.06
2310,-21.65
2311,-21.29
2312,-11.06
2313,4.45
2314,31.0
2315,57.6
2316,95.94
2317,128.65
2318,141.88
2319,136.7
2320,104.13
2321,62.21
2322,26.29
2323,-1.54
2324,-22.98
2325,-33.29
2326,-42.56
2327,-45.5
2328,-49.05
2329,-51.35
2330,-54.31
2331,-54.28
2332,-51.55
2333,-45.5
2334,-40.05
2335,-35.14
2336,-30.73
2337,-25.86
2338,-24.17
2339,-24.45
2340,-24.71
2341,-24.04
2342,-18.93
2343,-14.34
2344,-8.41
2345,-5.77
2346,-4.29
2347,-4.76
2348,-2.48
2349,-2.24
2350,0.69
2351,4.22
2352,3.8
2353,1.62
2354,-0.34
2355,-0.31
2356,0.62
2357,2.36
2358,3.02
2359,5.42
2360,7.58
2361,9.52
2362,9.47
2363,4.02
2364,0.92
2365,-0.97
2366,1.83
2367,4.34
2368,6.61
2369,7.75
2370,3.37
2371,3.94
2372,5.34
2373,6.61
2374,5.95
2375,6.25
2376,2.03
2377,1.82
2378,3.44
2379,4.9
2380,8.01
2381,6.31
2382,4.78
2383,6.1
2384,0.09
2385,1.88
2386,-3.71
2387,-3.34
2388,-3.0
2389,-5.4
2390,-3.96
2391,-4.47
2392,-5.82
2393,-7.04
2394,-6.33
2395,-4.8
2396,-3.42
2397,0.52
2398,-1.33
2399,-3.0
